Scenario,ViolationProbability,System,PCR_mean,PCR_std,CAR_mean,CAR_std,UAR_mean,UAR_std,UnsafeGenerated_mean,UnsafeExecuted_mean,BlockedUnsafe_mean,HumanReview_mean
High,0.5,Conventional Agentic AI,100.0,0.0,50.199,0.3855524473468851,0.0,0.0,4980.1,4980.1,0.0,0.0
High,0.5,Static Policy Enforcement,52.47066666666667,0.3835940143121276,49.96333333333334,0.34844811945829607,94.98877233225065,0.32246699079017666,5003.666666666667,250.73333333333332,4752.933333333333,0.0
High,0.5,TrustOSAI,14.654666666666666,0.6697335205182335,14.381,0.6531955930336799,99.45099517041363,0.11730937912972221,4987.566666666667,27.366666666666667,4960.2,3795.5666666666666
Low,0.1,Conventional Agentic AI,100.0,0.0,90.008,0.32982126821282715,0.0,0.0,999.2,999.2,0.0,0.0
Low,0.1,Static Policy Enforcement,90.53933333333333,0.25674263691330274,90.05033333333333,0.24161073470861374,95.08122832855011,0.7251332154255088,994.9666666666667,48.9,946.0666666666667,0.0
Low,0.1,TrustOSAI,89.325,0.3737669382622443,89.13566666666667,0.35914345739343073,98.08712828005537,0.5492740467941155,992.2,18.933333333333334,973.2666666666667,126.66666666666667
Medium,0.3,Conventional Agentic AI,100.0,0.0,69.99066666666666,0.47208220597201234,0.0,0.0,3000.9333333333334,3000.9333333333334,0.0,0.0
Medium,0.3,Static Policy Enforcement,71.45933333333333,0.33030741515404505,69.94566666666667,0.3538720140090958,94.96433683778744,0.3250883288379133,3005.4333333333334,151.36666666666667,2854.0666666666666,0.0
Medium,0.3,TrustOSAI,52.43933333333334,0.9078695536456665,52.034,0.9043328651743686,98.65207553074272,0.22927586489954857,3007.233333333333,40.53333333333333,2966.7,1897.5
